Time (s),x (cm),y (cm),theta (deg),left velocity (),right velocity ()
773.95,0,0,89.9543738355393,0,0
773.97,0,0,89.9543738355393,0,0
773.99,0,0,89.9543738355393,0,0
774,0,0,89.9543738355393,0,0
774.02,0,0,89.9543738355393,0,0
774.04,0,0,89.9543738355393,0,0
774.05,0,0,89.9543738355393,0,0
774.07,0,0,89.9543738355393,0,0
774.09,0,0,89.9543738355393,0,0
774.1,0,0,89.9543738355393,0,0
774.12,0,0,89.9543738355393,0,0
774.14,0,0,89.9543738355393,0,0
774.15,0,0,89.9543738355393,0,0
774.17,0,0,89.9543738355393,0,0
774.19,0,0,89.9543738355393,0,0
774.2,0,0,89.9543738355393,0,0
774.22,0,0,89.9543738355393,0,0
774.24,0,0,89.9543738355393,0,0
774.25,0,0,89.9543738355393,0,0
774.27,0,0,89.9543738355393,0,0
774.29,0,0,89.9543738355393,0,0
774.3,0,0,89.9543738355393,0,0
774.32,0,0,89.9543738355393,0,0
774.34,0,0,89.9543738355393,0,0
774.35,0,0,89.9543738355393,0,0
774.37,0,0,89.9543738355393,0,0
774.39,0,0,89.9543738355393,0,0
774.4,0,0,89.9543738355393,0,0
774.42,0,0,89.9543738355393,0,0
774.44,0,0,89.9543738355393,0,0
774.45,0,0,89.9543738355393,0,0
774.47,0,0,89.9543738355393,0,0
774.49,0,0,89.9543738355393,0,0
774.5,0,0,89.9543738355393,0,0
774.52,0,0,89.9543738355393,0,0
774.54,0,0,89.9543738355393,0,0
774.55,0,0,89.9543738355393,0,0
774.57,0,0,89.9543738355393,0,0
774.59,0,0,89.9543738355393,0,0
774.6,0,0,89.9543738355393,0,0
774.62,0,0,89.9543738355393,0,0
774.64,0,0,89.9543738355393,0,0
774.65,0,0,89.9543738355393,0,0
774.67,0,0,89.9543738355393,0,0
774.69,0,0,89.9543738355393,0,0
774.7,0,0,89.9543738355393,0,0
774.72,0,0,89.9543738355393,0,0
774.74,0,0,89.9543738355393,0,0
774.75,0,0,89.9543738355393,0,0
774.77,0,0,89.9543738355393,0,0
774.79,0,0,89.9543738355393,0,0
774.8,0,0,89.9543738355393,0,0
774.82,0,0,89.9543738355393,0,0
774.84,0,0,89.9543738355393,0,0
774.85,0,0,89.9543738355393,0,0
774.87,0,0,89.9543738355393,0,0
774.89,0,0,89.9543738355393,0,0
774.9,0,0,89.9543738355393,0,0
774.92,0,0,89.9543738355393,0,0
774.94,0,0,89.9543738355393,0,0
774.95,0,0,89.9543738355393,0,0
774.97,0,0,89.9543738355393,0,0
774.99,0,0,89.9543738355393,0,0
775,0,0,89.9543738355393,0,0
775.02,0,0,89.9543738355393,0,0
775.04,0,0,89.9543738355393,0,0
775.05,0,0,89.9543738355393,0,0
775.07,0,0,89.9543738355393,0,0
775.09,0,0,89.9543738355393,0,0
775.1,0,0,89.9543738355393,0,0
775.12,0,0,89.9543738355393,0,0
775.14,0,0,89.9543738355393,0,0
775.15,0,0,89.9543738355393,0,0
775.17,0,0,89.9543738355393,0,0
775.19,0,0,89.9543738355393,0,0
775.2,0,0,89.9543738355393,0,0
775.22,0,0,89.9543738355393,0,0
775.24,0,0,89.9543738355393,0,0
775.25,0,0,89.9543738355393,0,0
775.27,0,0,89.9543738355393,0,0
775.29,0,0,89.9543738355393,0,0
775.3,0,0,89.9543738355393,0,0
775.32,0,0,89.9543738355393,0,0
775.34,0,0,89.9543738355393,0,0
775.35,0,0,89.9543738355393,0,0
775.37,0,0,89.9543738355393,0,0
775.39,0,0,89.9543738355393,0,0
775.4,0,0,89.9543738355393,0,0
775.42,0,0,89.9543738355393,0,0
775.44,0,0,89.9543738355393,0,0
775.45,0,0,89.9543738355393,0,0
775.47,0,0,89.9543738355393,0,0
775.49,0,0,89.9543738355393,0,0
775.5,0,0,89.9543738355393,0,0
775.52,0,0,89.9543738355393,0,0
775.54,0,0,89.9543738355393,0,0
775.55,0,0,89.9543738355393,0,0
775.57,0,0,89.9543738355393,0,0
775.59,0,0,89.9543738355393,0,0
775.6,0,0,89.9543738355393,0,0
775.62,0,0,89.9543738355393,0,0
775.64,0,0,89.9543738355393,0,0
775.65,0,0,89.9543738355393,0,0
775.67,0,0,89.9543738355393,0,0
775.69,0,0,89.9543738355393,0,0
775.71,0,0,89.9543738355393,0,0
775.72,0,0,89.9543738355393,0,0
775.74,0,0,89.9543738355393,0,0
775.76,0,0,89.9543738355393,0,0
775.77,0,0,89.9543738355393,0,0
775.79,0,0,89.9543738355393,0,0
775.81,0,0,89.9543738355393,0,0
775.82,0,0,89.9543738355393,0,0
775.84,0,0,89.9543738355393,0,0
775.85,0,0,89.9543738355393,0,0
775.87,0,0,89.9543738355393,0,0
775.89,0,0,89.9543738355393,0,0
775.9,0,0,89.9543738355393,0,0
775.92,0,0,89.9543738355393,0,0
775.94,0,0,89.9543738355393,0,0
775.95,0,0,89.9543738355393,0,0
775.97,0,0,89.9543738355393,0,0
775.99,0,0,89.9543738355393,0,0
776,0,0,89.9543738355393,0,0
776.02,0,0,89.9543738355393,0,0
776.04,0,0,89.9543738355393,0,0
776.06,0,0,89.9543738355393,0,0
776.17,0,0,89.9543738355393,0,0
776.24,0,0,89.9543738355393,0,0
776.25,0,0,89.9543738355393,0,0
776.27,0,0,89.9543738355393,0,0
776.29,0,0,89.9543738355393,0,0
776.3,0,0,89.9543738355393,0,0
776.32,0,0,89.9543738355393,0,0
776.34,0,0,89.9543738355393,0,0
776.35,0,0,89.9543738355393,0,0
776.37,0,0,89.9543738355393,0,0
776.38,0,0,89.9543738355393,0,0
776.4,0,0,89.9543738355393,0,0
776.42,0,0,89.9543738355393,0,0
776.43,0,0,89.9543738355393,0,0
776.45,0,0,89.9543738355393,0,0
776.46,0,0,89.9543738355393,0,0
776.48,0,0,89.9543738355393,0,0
776.5,0,0,89.9543738355393,0,0
776.51,0,0,89.9543738355393,0,0
776.53,0,0,90.5273316306701,0,0
776.54,0,0,90.5273316306701,0,0
776.56,0,0,90.5273316306701,0,0
776.58,0,0,90.5273316306701,0,0
776.59,0,0.01,90.5273316306701,0.01,0.02
776.61,0,0.01,90.5273316306701,0.02,0.04
776.63,0,0.01,90.5273316306701,0.04,0.06
776.64,0,0.01,90.5273316306701,0.06,0.07
776.66,0,0.02,90.5273316306701,0.08,0.1
776.68,0,0.02,90.5273316306701,0.09,0.11
776.69,0,0.02,90.5273316306701,0.11,0.13
776.71,0,0.03,90.5273316306701,0.13,0.14
776.72,0,0.03,90.5273316306701,0.15,0.16
776.74,0,0.03,90.5273316306701,0.17,0.17
776.76,0,0.04,90.5273316306701,0.18,0.18
776.77,0,0.04,90.5273316306701,0.2,0.2
776.79,0,0.05,90.5273316306701,0.23,0.21
776.81,0,0.06,90.5273316306701,0.25,0.23
776.82,0,0.06,90.5273316306701,0.27,0.25
776.84,0,0.07,90.5273316306701,0.3,0.27
776.85,0,0.07,90.5273316306701,0.31,0.29
776.87,0,0.08,90.5273316306701,0.35,0.31
776.89,0,0.09,90.5273316306701,0.37,0.34
776.9,0,0.1,90.5273316306701,0.4,0.35
776.92,0,0.1,90.5273316306701,0.4,0.37
776.94,0,0.11,90.5273316306701,0.43,0.39
776.95,0,0.12,90.5273316306701,0.45,0.41
776.97,0,0.13,90.5273316306701,0.45,0.44
776.99,0,0.13,90.5273316306701,0.45,0.46
777,0,0.14,90.5273316306701,0.46,0.47
777.02,0,0.15,90.5273316306701,0.43,0.5
777.04,0,0.16,90.5273316306701,0.43,0.5
777.05,0,0.16,90.5273316306701,0.41,0.51
777.07,0,0.17,90.5273316306701,0.39,0.5
777.08,0,0.18,90.5273316306701,0.38,0.51
777.1,0,0.18,90.5273316306701,0.38,0.49
777.12,0,0.19,90.5273316306701,0.37,0.49
777.13,0,0.2,90.5273316306701,0.37,0.49
777.15,0,0.21,90.5273316306701,0.38,0.48
777.17,0,0.21,89.9543738355393,0.41,0.46
777.18,0,0.22,89.9543738355393,0.42,0.46
777.2,0,0.23,89.9543738355393,0.43,0.47
777.22,0,0.24,89.9543738355393,0.44,0.44
777.23,0,0.24,89.9543738355393,0.44,0.4
777.25,0,0.25,89.9543738355393,0.47,0.4
777.27,0,0.26,89.9543738355393,0.47,0.42
777.28,0,0.27,89.9543738355393,0.48,0.43
777.3,0,0.27,89.9543738355393,0.47,0.44
777.32,0,0.28,89.9543738355393,0.52,0.43
777.33,0,0.29,89.9543738355393,0.49,0.45
777.35,0,0.3,89.9543738355393,0.48,0.46
777.37,0,0.31,89.9543738355393,0.48,0.45
777.38,0,0.32,89.9543738355393,0.51,0.46
777.4,0,0.33,89.9543738355393,0.52,0.48
777.42,0,0.34,89.9543738355393,0.51,0.48
777.43,0,0.35,89.9543738355393,0.55,0.5
777.45,0,0.36,90.5273316306701,0.59,0.51
777.47,0,0.37,90.5273316306701,0.62,0.54
777.48,0,0.38,90.5273316306701,0.62,0.57
777.5,0,0.39,90.5273316306701,0.63,0.59
777.52,0,0.4,90.5273316306701,0.62,0.61
777.53,0,0.4,90.5273316306701,0.57,0.63
777.55,0,0.41,90.5273316306701,0.54,0.62
777.57,0,0.42,90.5273316306701,0.53,0.61
777.58,0,0.43,90.5273316306701,0.49,0.62
777.6,0,0.44,90.5273316306701,0.46,0.59
777.62,0,0.44,90.5273316306701,0.45,0.57
777.63,0,0.45,90.5273316306701,0.44,0.55
777.65,0,0.46,90.5273316306701,0.42,0.55
777.67,0,0.47,90.5273316306701,0.42,0.54
777.68,0,0.47,90.5273316306701,0.46,0.51
777.7,0,0.48,90.5273316306701,0.45,0.49
777.72,0,0.49,89.9543738355393,0.45,0.47
777.73,0,0.5,89.9543738355393,0.46,0.45
777.75,0,0.51,89.9543738355393,0.48,0.45
777.77,0,0.52,89.9543738355393,0.49,0.45
777.78,0,0.52,89.9543738355393,0.5,0.44
777.8,0,0.53,89.9543738355393,0.51,0.45
777.82,0,0.54,89.9543738355393,0.51,0.46
777.83,0,0.55,89.9543738355393,0.54,0.45
777.85,0,0.55,89.9543738355393,0.5,0.45
777.87,0,0.56,89.9543738355393,0.49,0.46
777.88,0,0.57,89.9543738355393,0.5,0.45
777.9,0,0.58,89.9543738355393,0.51,0.47
777.92,0,0.59,89.9543738355393,0.52,0.49
777.93,0,0.6,90.5273316306701,0.54,0.5
777.95,0,0.61,90.5273316306701,0.58,0.51
777.97,0,0.63,90.5273316306701,0.63,0.55
777.98,0,0.64,90.5273316306701,0.63,0.55
778,0,0.64,90.5273316306701,0.62,0.58
778.02,0,0.65,90.5273316306701,0.62,0.61
778.03,0,0.66,90.5273316306701,0.6,0.64
778.05,0,0.67,90.5273316306701,0.59,0.63
778.07,0,0.68,90.5273316306701,0.54,0.61
778.08,0,0.68,90.5273316306701,0.51,0.6
778.1,0,0.69,90.5273316306701,0.48,0.58
778.12,0,0.7,90.5273316306701,0.46,0.58
778.13,0,0.71,90.5273316306701,0.44,0.55
778.15,0,0.72,90.5273316306701,0.42,0.55
778.17,0,0.72,90.5273316306701,0.42,0.54
778.18,0,0.73,90.5273316306701,0.44,0.51
778.2,0,0.74,89.9543738355393,0.46,0.48
778.22,0,0.75,89.9543738355393,0.46,0.49
778.23,0,0.75,89.9543738355393,0.46,0.48
778.25,0,0.76,89.9543738355393,0.47,0.45
778.27,0,0.77,89.9543738355393,0.5,0.43
778.28,0,0.78,89.9543738355393,0.5,0.44
778.3,0,0.79,89.9543738355393,0.5,0.44
778.32,0,0.79,89.9543738355393,0.5,0.46
778.33,0,0.8,89.9543738355393,0.54,0.45
778.35,0,0.81,89.9543738355393,0.51,0.45
778.36,0,0.82,89.9543738355393,0.48,0.46
778.38,0,0.83,89.9543738355393,0.49,0.47
778.4,0,0.84,89.9543738355393,0.49,0.46
778.41,0,0.85,89.9543738355393,0.5,0.47
778.43,0,0.86,89.9543738355393,0.54,0.48
778.45,0,0.87,89.9543738355393,0.56,0.48
778.46,0,0.87,89.9543738355393,0.59,0.49
778.48,0,0.88,89.9543738355393,0.6,0.51
778.5,0,0.89,89.9543738355393,0.59,0.51
778.51,0,0.9,89.9543738355393,0.59,0.53
778.53,0,0.91,89.9543738355393,0.57,0.54
778.55,0,0.91,89.9543738355393,0.56,0.55
778.56,0,0.92,89.9543738355393,0.54,0.54
778.58,0,0.93,89.9543738355393,0.48,0.53
778.6,0,0.93,89.9543738355393,0.45,0.51
778.61,0,0.94,89.9543738355393,0.42,0.5
778.63,0,0.94,89.9543738355393,0.39,0.49
778.65,0,0.95,89.9543738355393,0.37,0.47
778.66,0,0.95,89.9543738355393,0.34,0.43
778.68,0,0.95,89.9543738355393,0.32,0.38
778.7,0,0.95,89.9543738355393,0.29,0.32
778.71,0,0.95,89.9543738355393,0.26,0.28
778.73,0,0.96,89.9543738355393,0.21,0.25
778.75,0,0.96,89.9543738355393,0.18,0.21
778.76,0,0.96,89.3814160404084,0.16,0.17
778.78,0,0.96,89.3814160404084,0.13,0.13
778.8,0,0.96,89.3814160404084,0.11,0.09
778.81,0,0.96,88.8084582452776,0.1,0.06
778.83,0,0.96,88.8084582452776,0.08,0.04
778.85,0,0.96,88.2355004501468,0.07,0.03
778.86,0,0.96,88.2355004501468,0.05,0.02
778.88,0,0.96,87.6625426550159,0.04,0.01
778.9,0,0.96,87.6625426550159,0.03,0.01
778.91,0,0.96,87.6625426550159,0.02,0.01
778.93,0,0.96,87.6625426550159,0.02,0
778.95,0,0.96,87.0895848598851,0.02,0
778.96,0,0.96,87.0895848598851,0.02,0
778.98,0,0.96,87.0895848598851,0.02,0
779,0,0.96,86.5166270647543,0.03,0
779.01,0,0.96,85.9436692696235,0.04,0
779.03,0,0.96,85.9436692696235,0.04,0
779.05,0,0.96,85.3707114744926,0.05,0
779.06,0,0.96,84.7977536793618,0.05,0
779.08,0,0.96,84.224795884231,0.06,0
779.1,0,0.96,83.6518380891002,0.07,0
779.11,0,0.97,83.6518380891002,0.08,0
779.13,0,0.97,83.0788802939694,0.09,0
779.15,0,0.97,82.5059224988386,0.09,0
779.16,0,0.97,81.9329647037077,0.09,0
779.18,0,0.97,81.9329647037077,0.09,0
779.2,0,0.97,81.3600069085769,0.09,0
779.21,0,0.97,81.3600069085769,0.09,0
779.23,0,0.97,81.3600069085769,0.09,0
779.25,0,0.97,80.7870491134461,0.08,0
779.26,0,0.97,80.7870491134461,0.07,0
779.28,0,0.97,81.3600069085769,0.05,0
779.3,0,0.97,81.3600069085769,0.03,0
779.31,0,0.97,81.3600069085769,0.02,0
779.33,0,0.97,81.3600069085769,0.01,0
779.35,0,0.97,81.3600069085769,0.01,0
779.36,0,0.97,81.3600069085769,0.01,0
779.38,0,0.97,81.3600069085769,0,0
779.4,0,0.97,81.3600069085769,0,0
779.41,0,0.97,81.3600069085769,0,0
779.43,0,0.97,81.3600069085769,0,0
779.45,0,0.97,81.3600069085769,0,0
779.46,0,0.97,81.3600069085769,0,0
779.48,0,0.97,81.3600069085769,0,0
779.5,0,0.97,81.3600069085769,0.01,0
779.51,0,0.97,81.3600069085769,0.02,0
779.53,0,0.98,81.3600069085769,0.03,0.03
779.55,0,0.98,81.3600069085769,0.04,0.05
779.56,0,0.98,81.3600069085769,0.06,0.08
779.58,0,0.98,81.3600069085769,0.07,0.09
779.6,0,0.99,81.3600069085769,0.09,0.11
779.61,0,0.99,81.9329647037077,0.11,0.12
779.63,0,0.99,81.9329647037077,0.12,0.14
779.65,0,1,81.9329647037077,0.14,0.15
779.66,0,1,81.9329647037077,0.14,0.16
779.68,0,1,81.9329647037077,0.16,0.17
779.7,0,1.01,81.9329647037077,0.18,0.19
779.71,0,1.01,81.9329647037077,0.2,0.19
779.73,0,1.02,81.9329647037077,0.2,0.2
779.75,0,1.02,82.5059224988386,0.21,0.21
779.76,0.01,1.02,82.5059224988386,0.22,0.23
779.78,0.01,1.03,82.5059224988386,0.25,0.24
779.8,0.01,1.03,83.0788802939694,0.25,0.25
779.81,0.01,1.04,83.6518380891002,0.25,0.27
779.83,0.01,1.04,83.6518380891002,0.26,0.27
779.85,0.01,1.05,84.224795884231,0.27,0.3
779.86,0.01,1.06,84.7977536793618,0.28,0.29
779.88,0.01,1.06,85.3707114744926,0.27,0.32
779.9,0.01,1.07,85.3707114744926,0.28,0.33
779.91,0.01,1.07,86.5166270647543,0.28,0.36
779.93,0.01,1.08,86.5166270647543,0.29,0.35
779.95,0.01,1.09,87.6625426550159,0.3,0.35
779.96,0.01,1.1,88.2355004501468,0.31,0.38
779.98,0.01,1.1,89.3814160404084,0.33,0.41
780,0.01,1.11,89.9543738355393,0.34,0.43
780.01,0.01,1.12,90.5273316306701,0.38,0.44
780.03,0.01,1.13,91.1002894258009,0.41,0.48
780.05,0.01,1.14,92.2462050160626,0.39,0.49
780.06,0.01,1.14,93.3921206063242,0.37,0.52
780.08,0.01,1.15,93.965078401455,0.39,0.54
780.1,0.01,1.16,95.1109939917167,0.38,0.6
780.11,0.01,1.17,96.2569095819783,0.39,0.6
780.13,0.01,1.17,96.8298673771091,0.37,0.59
780.15,0.01,1.18,97.9757829673708,0.34,0.61
780.16,0.01,1.19,99.6946563527632,0.34,0.6
780.18,0.01,1.19,100.267614147894,0.33,0.58
780.2,0.01,1.2,101.413529738156,0.33,0.59
780.21,0.01,1.21,103.132403123548,0.32,0.57
780.23,0,1.21,103.705360918679,0.29,0.55
780.25,0,1.22,104.851276508941,0.28,0.55
780.26,0,1.22,105.997192099202,0.27,0.53
780.28,0,1.23,107.143107689464,0.25,0.5
780.3,0,1.23,107.716065484595,0.25,0.49
780.31,0,1.24,109.434938869987,0.24,0.48
780.33,-0.01,1.25,110.007896665118,0.24,0.48
780.35,-0.01,1.25,111.15381225538,0.24,0.47
780.36,-0.01,1.26,112.872685640772,0.25,0.48
780.38,-0.01,1.26,113.445643435903,0.26,0.49
780.4,-0.01,1.27,114.591559026165,0.27,0.48
780.41,-0.02,1.28,115.737474616426,0.28,0.49
780.43,-0.02,1.28,116.310432411557,0.27,0.49
780.45,-0.02,1.29,117.456348001819,0.27,0.49
780.46,-0.03,1.3,118.60226359208,0.3,0.49
780.48,-0.03,1.3,119.748179182342,0.3,0.53
780.5,-0.03,1.31,120.894094772604,0.29,0.57
780.51,-0.04,1.32,122.040010362865,0.31,0.56
780.53,-0.04,1.32,122.612968157996,0.32,0.54
780.55,-0.05,1.33,124.331841543389,0.32,0.56
780.56,-0.05,1.34,125.47775713365,0.32,0.62
780.58,-0.06,1.34,126.050714928781,0.33,0.65
780.6,-0.06,1.35,127.196630519043,0.33,0.66
780.61,-0.06,1.36,128.342546109304,0.35,0.67
780.63,-0.07,1.36,128.915503904435,0.34,0.64
780.65,-0.07,1.37,130.634377289828,0.31,0.65
780.66,-0.08,1.37,131.780292880089,0.31,0.64
780.68,-0.08,1.38,132.926208470351,0.32,0.61
780.7,-0.09,1.38,133.499166265482,0.32,0.6
780.71,-0.09,1.39,134.072124060613,0.32,0.57
780.73,-0.1,1.39,135.218039650874,0.33,0.54
780.75,-0.1,1.4,135.790997446005,0.33,0.54
780.76,-0.11,1.41,136.936913036267,0.36,0.53
780.78,-0.11,1.41,138.082828626528,0.36,0.5
780.8,-0.12,1.42,138.655786421659,0.37,0.51
780.81,-0.13,1.42,139.801702011921,0.39,0.5
780.83,-0.13,1.43,140.374659807052,0.4,0.48
780.85,-0.14,1.43,141.520575397313,0.46,0.48
780.86,-0.14,1.44,142.666490987575,0.47,0.48
780.88,-0.15,1.44,143.239448782706,0.44,0.5
780.89,-0.15,1.44,144.385364372967,0.44,0.51
780.91,-0.16,1.45,145.531279963229,0.44,0.5
780.93,-0.17,1.45,146.10423775836,0.42,0.47
780.95,-0.17,1.46,147.250153348622,0.4,0.51
780.96,-0.18,1.46,148.396068938883,0.4,0.54
780.98,-0.19,1.47,149.541984529145,0.39,0.54
781,-0.19,1.47,150.114942324276,0.37,0.56
781.01,-0.2,1.47,151.260857914537,0.36,0.57
781.03,-0.21,1.48,152.406773504799,0.34,0.63
781.05,-0.21,1.48,152.97973129993,0.32,0.65
781.06,-0.22,1.48,154.125646890191,0.3,0.66
781.08,-0.23,1.49,155.271562480453,0.3,0.67
781.1,-0.23,1.49,155.844520275584,0.29,0.66
781.11,-0.24,1.49,156.990435865846,0.29,0.65
781.13,-0.25,1.5,157.563393660976,0.29,0.64
781.15,-0.25,1.5,158.136351456107,0.29,0.61
781.16,-0.26,1.5,159.282267046369,0.31,0.58
781.18,-0.27,1.5,160.42818263663,0.32,0.57
781.2,-0.27,1.51,160.42818263663,0.31,0.55
781.21,-0.28,1.51,161.574098226892,0.32,0.53
781.23,-0.29,1.51,162.720013817154,0.33,0.52
781.25,-0.29,1.51,163.292971612285,0.34,0.5
781.26,-0.3,1.52,164.438887202546,0.35,0.5
781.28,-0.31,1.52,165.011844997677,0.35,0.49
781.3,-0.31,1.52,165.584802792808,0.35,0.47
781.31,-0.32,1.52,166.73071838307,0.37,0.47
781.33,-0.33,1.52,167.3036761782,0.37,0.48
781.34,-0.33,1.52,168.449591768462,0.37,0.47
781.36,-0.34,1.53,169.595507358724,0.37,0.48
781.38,-0.35,1.53,169.595507358724,0.35,0.48
781.39,-0.35,1.53,170.741422948985,0.36,0.48
781.41,-0.36,1.53,171.887338539247,0.37,0.49
781.43,-0.37,1.53,172.460296334378,0.36,0.52
781.44,-0.38,1.53,173.606211924639,0.37,0.54
781.46,-0.39,1.53,174.752127514901,0.38,0.57
781.48,-0.4,1.53,174.752127514901,0.38,0.58
781.49,-0.41,1.53,175.898043105163,0.38,0.6
781.51,-0.42,1.54,177.043958695424,0.4,0.66
781.53,-0.43,1.54,178.189874285686,0.42,0.66
781.54,-0.43,1.54,178.762832080817,0.45,0.64
781.56,-0.44,1.54,179.908747671079,0.47,0.65
781.58,-0.45,1.54,180.481705466209,0.47,0.63
781.59,-0.46,1.54,181.05466326134,0.47,0.63
781.61,-0.47,1.54,182.200578851602,0.47,0.62
781.63,-0.48,1.54,182.200578851602,0.46,0.6
781.64,-0.48,1.54,183.346494441863,0.43,0.57
781.66,-0.49,1.54,184.492410032125,0.43,0.55
781.68,-0.5,1.54,184.492410032125,0.42,0.52
781.69,-0.5,1.53,185.638325622387,0.39,0.52
781.71,-0.51,1.53,186.211283417518,0.38,0.51
781.73,-0.51,1.53,186.784241212648,0.37,0.48
781.74,-0.52,1.53,187.93015680291,0.34,0.48
781.76,-0.53,1.53,188.503114598041,0.33,0.47
781.78,-0.53,1.53,189.076072393172,0.31,0.47
781.79,-0.54,1.53,190.221987983433,0.3,0.48
781.81,-0.55,1.53,190.794945778564,0.3,0.47
781.83,-0.55,1.53,191.367903573695,0.3,0.48
781.84,-0.56,1.53,192.513819163957,0.32,0.5
781.86,-0.57,1.52,193.086776959087,0.33,0.49
781.88,-0.58,1.52,193.659734754218,0.34,0.48
781.89,-0.58,1.52,194.80565034448,0.33,0.5
781.91,-0.59,1.52,195.378608139611,0.35,0.53
781.93,-0.6,1.52,195.951565934742,0.35,0.53
781.94,-0.61,1.51,197.097481525003,0.36,0.56
781.96,-0.62,1.51,197.670439320134,0.38,0.56
781.98,-0.62,1.51,198.243397115265,0.38,0.6
781.99,-0.63,1.51,198.816354910396,0.38,0.63
782.01,-0.64,1.5,199.962270500657,0.39,0.65
782.03,-0.65,1.5,200.535228295788,0.39,0.65
782.04,-0.66,1.5,201.68114388605,0.41,0.64
782.06,-0.66,1.49,202.254101681181,0.41,0.62
782.08,-0.67,1.49,202.827059476311,0.36,0.63
782.09,-0.68,1.49,203.400017271442,0.37,0.63
782.11,-0.68,1.49,204.545932861704,0.37,0.59
782.13,-0.69,1.48,204.545932861704,0.35,0.57
782.14,-0.7,1.48,205.691848451965,0.39,0.54
782.16,-0.7,1.48,206.264806247096,0.39,0.51
782.18,-0.71,1.47,206.837764042227,0.39,0.51
782.19,-0.72,1.47,207.983679632489,0.41,0.5
782.21,-0.73,1.47,209.12959522275,0.41,0.49
782.23,-0.73,1.46,209.12959522275,0.47,0.48
782.24,-0.74,1.46,210.275510813012,0.49,0.47
782.26,-0.75,1.45,211.421426403274,0.46,0.49
782.28,-0.75,1.45,211.994384198405,0.46,0.48
782.29,-0.76,1.45,213.140299788666,0.46,0.47
782.31,-0.76,1.44,214.286215378928,0.45,0.5
782.33,-0.77,1.44,214.859173174059,0.43,0.5
782.34,-0.78,1.43,215.43213096919,0.41,0.49
782.36,-0.78,1.43,216.578046559451,0.39,0.49
782.38,-0.79,1.43,217.151004354582,0.38,0.53
782.39,-0.79,1.42,218.296919944844,0.37,0.53
782.41,-0.8,1.42,219.442835535105,0.35,0.54
782.43,-0.81,1.41,220.015793330236,0.34,0.55
782.44,-0.81,1.41,221.161708920498,0.32,0.59
782.46,-0.82,1.4,221.734666715629,0.32,0.62
782.48,-0.83,1.4,222.307624510759,0.3,0.63
782.49,-0.83,1.39,223.453540101021,0.28,0.63
782.51,-0.84,1.39,224.599455691283,0.29,0.65
782.53,-0.84,1.38,225.172413486414,0.31,0.64
782.54,-0.85,1.37,225.745371281544,0.31,0.63
782.56,-0.85,1.37,226.891286871806,0.33,0.62
782.58,-0.86,1.36,227.464244666937,0.32,0.61
782.59,-0.86,1.36,228.037202462068,0.31,0.58
782.61,-0.87,1.35,229.183118052329,0.33,0.56
782.63,-0.87,1.35,229.75607584746,0.32,0.54
782.64,-0.88,1.34,230.329033642591,0.34,0.51
782.66,-0.88,1.34,231.474949232853,0.35,0.5
782.68,-0.88,1.33,232.047907027983,0.36,0.49
782.69,-0.89,1.33,233.193822618245,0.36,0.5
782.71,-0.89,1.32,234.339738208507,0.35,0.48
782.73,-0.9,1.32,234.339738208507,0.35,0.46
782.74,-0.9,1.31,235.485653798768,0.37,0.49
782.76,-0.91,1.31,236.63156938903,0.36,0.47
782.78,-0.91,1.3,237.204527184161,0.34,0.47
782.79,-0.91,1.29,238.350442774422,0.34,0.5
782.81,-0.92,1.29,238.923400569553,0.35,0.49
782.83,-0.92,1.28,239.496358364684,0.35,0.48
782.84,-0.92,1.27,240.642273954946,0.34,0.5
782.86,-0.93,1.27,241.788189545207,0.35,0.5
782.88,-0.93,1.26,242.361147340338,0.37,0.52
782.89,-0.94,1.25,243.5070629306,0.37,0.54
782.91,-0.94,1.24,244.652978520861,0.39,0.55
782.93,-0.95,1.23,244.652978520861,0.39,0.58
782.94,-0.95,1.22,245.798894111123,0.43,0.63
782.96,-0.95,1.22,246.944809701385,0.47,0.65
782.98,-0.96,1.21,248.090725291646,0.46,0.63
782.99,-0.96,1.2,248.090725291646,0.46,0.62
783.01,-0.96,1.19,249.236640881908,0.46,0.62
783.03,-0.97,1.19,250.38255647217,0.44,0.61
783.04,-0.97,1.18,250.38255647217,0.42,0.61
783.06,-0.97,1.18,251.528472062431,0.4,0.59
783.08,-0.97,1.17,252.101429857562,0.39,0.55
783.09,-0.98,1.16,252.674387652693,0.38,0.52
783.11,-0.98,1.16,253.820303242955,0.36,0.52
783.13,-0.98,1.15,254.393261038086,0.35,0.51
783.14,-0.98,1.15,254.966218833216,0.34,0.51
783.16,-0.98,1.14,256.112134423478,0.31,0.48
783.18,-0.98,1.13,256.685092218609,0.31,0.47
783.19,-0.99,1.13,257.25805001374,0.3,0.45
783.21,-0.99,1.12,258.403965604001,0.28,0.45
783.22,-0.99,1.12,258.403965604001,0.29,0.45
783.24,-0.99,1.11,259.549881194263,0.29,0.46
783.26,-0.99,1.1,260.122838989394,0.3,0.45
783.27,-0.99,1.1,260.695796784525,0.33,0.46
783.29,-0.99,1.09,261.268754579655,0.34,0.46
783.31,-0.99,1.08,262.414670169917,0.32,0.45
783.32,-1,1.08,262.414670169917,0.3,0.45
783.34,-1,1.07,263.560585760179,0.31,0.46
783.36,-1,1.06,264.13354355531,0.31,0.46
783.38,-1,1.06,264.70650135044,0.32,0.46
783.39,-1,1.05,265.279459145571,0.33,0.47
783.41,-1,1.05,265.852416940702,0.33,0.47
783.42,-1,1.04,265.852416940702,0.32,0.47
783.44,-1,1.03,266.425374735833,0.32,0.46
783.46,-1,1.03,266.998332530964,0.3,0.48
783.47,-1,1.02,267.571290326094,0.32,0.48
783.49,-1,1.02,267.571290326094,0.31,0.47
783.51,-1,1.01,268.144248121225,0.3,0.47
783.52,-1,1.01,268.717205916356,0.29,0.46
783.54,-1,1,268.717205916356,0.28,0.44
783.56,-1,1,269.290163711487,0.28,0.42
783.57,-1,1,269.863121506618,0.26,0.41
783.59,-1,0.99,270.436079301749,0.24,0.37
783.61,-1,0.99,271.009037096879,0.23,0.34
783.62,-1,0.99,271.009037096879,0.2,0.3
783.64,-1,0.99,271.58199489201,0.16,0.26
783.66,-1,0.99,271.58199489201,0.13,0.22
783.67,-1,0.99,271.58199489201,0.1,0.17
783.69,-1,0.99,271.58199489201,0.07,0.13
783.71,-1,0.99,271.58199489201,0.05,0.09
783.72,-1,0.99,271.58199489201,0.04,0.07
783.74,-1,0.99,271.58199489201,0.03,0.06
783.76,-1,0.99,271.58199489201,0.03,0.05
783.77,-1,0.99,271.58199489201,0.03,0.04
783.79,-1,0.99,271.58199489201,0.03,0.03
783.81,-1,0.99,271.58199489201,0.03,0.03
783.82,-1,0.98,271.58199489201,0.03,0.03
783.84,-1,0.98,271.58199489201,0.03,0.03
783.86,-1,0.98,271.58199489201,0.03,0.04
783.87,-1,0.98,271.58199489201,0.04,0.05
783.89,-1,0.98,271.58199489201,0.06,0.07
783.91,-1,0.97,271.58199489201,0.08,0.08
783.92,-1,0.97,271.58199489201,0.1,0.1
783.94,-1,0.96,271.58199489201,0.11,0.12
783.96,-1,0.96,271.58199489201,0.13,0.14
783.97,-1,0.96,271.58199489201,0.16,0.17
783.99,-1,0.95,271.58199489201,0.2,0.19
784.01,-1,0.95,271.58199489201,0.21,0.17
784.02,-1,0.94,271.58199489201,0.24,0.2
784.04,-1,0.94,271.58199489201,0.26,0.21
784.06,-1,0.93,271.58199489201,0.3,0.23
784.07,-1,0.93,271.58199489201,0.31,0.22
784.09,-1,0.92,271.58199489201,0.32,0.23
784.11,-1,0.91,271.58199489201,0.34,0.25
784.12,-1,0.91,271.58199489201,0.36,0.25
784.14,-1,0.9,271.58199489201,0.37,0.26
784.16,-1,0.9,271.58199489201,0.37,0.28
784.17,-1,0.89,271.58199489201,0.39,0.29
784.19,-1,0.89,271.58199489201,0.38,0.29
784.21,-1,0.88,271.58199489201,0.38,0.31
784.22,-1,0.87,271.58199489201,0.37,0.32
784.24,-1,0.87,271.58199489201,0.37,0.33
784.26,-1,0.86,271.58199489201,0.37,0.34
784.27,-1,0.86,271.58199489201,0.35,0.36
784.29,-1,0.85,271.58199489201,0.35,0.37
784.31,-1,0.84,271.58199489201,0.34,0.37
784.32,-1,0.83,271.58199489201,0.35,0.37
784.34,-1,0.83,271.58199489201,0.35,0.39
784.36,-1,0.82,271.58199489201,0.37,0.43
784.37,-1,0.81,271.009037096879,0.42,0.45
784.39,-1,0.8,271.009037096879,0.4,0.48
784.41,-1,0.79,271.009037096879,0.4,0.49
784.42,-1,0.78,271.009037096879,0.41,0.52
784.44,-1,0.77,271.009037096879,0.46,0.53
784.46,-1,0.76,271.009037096879,0.46,0.59
784.47,-1,0.75,271.009037096879,0.5,0.6
784.49,-1,0.75,271.009037096879,0.5,0.59
784.51,-1,0.74,270.436079301749,0.52,0.58
784.52,-1,0.73,270.436079301749,0.52,0.58
784.54,-1,0.72,270.436079301749,0.49,0.56
784.56,-1,0.71,270.436079301749,0.47,0.54
784.57,-1,0.7,270.436079301749,0.49,0.55
784.59,-1,0.69,269.863121506618,0.49,0.53
784.61,-1,0.68,269.863121506618,0.53,0.52
784.62,-1,0.67,269.863121506618,0.55,0.52
784.64,-1,0.66,269.863121506618,0.6,0.51
784.66,-1,0.66,269.863121506618,0.62,0.47
784.67,-1,0.65,269.863121506618,0.63,0.45
784.69,-1,0.64,269.863121506618,0.64,0.45
784.71,-1,0.63,269.863121506618,0.64,0.44
784.72,-1,0.63,269.863121506618,0.62,0.44
784.74,-1,0.62,269.863121506618,0.6,0.45
784.76,-1,0.61,269.863121506618,0.55,0.45
784.77,-1,0.6,269.863121506618,0.52,0.45
784.79,-1,0.6,269.863121506618,0.49,0.45
784.81,-1,0.59,269.863121506618,0.46,0.46
784.82,-1,0.58,269.863121506618,0.44,0.45
784.84,-1,0.57,269.863121506618,0.42,0.46
784.86,-1,0.56,269.863121506618,0.42,0.47
784.87,-1,0.56,269.863121506618,0.43,0.49
784.89,-1,0.54,269.863121506618,0.45,0.5
784.91,-1,0.54,269.863121506618,0.46,0.53
784.92,-1,0.53,269.863121506618,0.46,0.53
784.94,-1,0.52,269.863121506618,0.47,0.57
784.96,-1,0.51,269.863121506618,0.49,0.57
784.97,-1,0.5,269.863121506618,0.5,0.58
784.99,-1,0.49,269.863121506618,0.51,0.61
785.01,-1,0.48,269.863121506618,0.53,0.61
785.02,-1,0.47,269.863121506618,0.55,0.61
785.04,-1,0.46,269.290163711487,0.51,0.59
785.05,-1,0.45,269.290163711487,0.5,0.58
785.07,-1,0.44,269.290163711487,0.49,0.57
785.09,-1,0.43,269.290163711487,0.51,0.55
785.11,-1,0.42,269.290163711487,0.53,0.55
785.12,-1,0.42,269.290163711487,0.55,0.53
785.14,-1,0.41,269.290163711487,0.6,0.51
785.15,-1,0.4,269.290163711487,0.64,0.49
785.17,-1,0.39,269.290163711487,0.64,0.48
785.19,-1,0.38,269.290163711487,0.65,0.47
785.21,-1,0.37,269.290163711487,0.64,0.46
785.22,-1,0.37,269.290163711487,0.61,0.46
785.24,-1,0.36,269.290163711487,0.59,0.46
785.25,-1,0.35,269.290163711487,0.55,0.46
785.27,-1,0.35,269.290163711487,0.53,0.45
785.29,-1,0.34,269.863121506618,0.49,0.45
785.3,-1,0.33,269.863121506618,0.47,0.46
785.32,-1,0.32,269.863121506618,0.44,0.46
785.34,-1,0.32,269.863121506618,0.43,0.46
785.35,-1,0.31,269.863121506618,0.42,0.47
785.37,-1,0.3,269.863121506618,0.41,0.48
785.39,-1,0.29,269.863121506618,0.44,0.5
785.4,-1,0.28,269.863121506618,0.44,0.51
785.42,-1,0.27,269.863121506618,0.45,0.51
785.44,-1,0.26,269.863121506618,0.46,0.56
785.45,-1,0.25,269.863121506618,0.5,0.58
785.47,-1,0.24,269.863121506618,0.52,0.59
785.49,-1,0.23,269.863121506618,0.51,0.61
785.5,-1,0.22,269.863121506618,0.5,0.63
785.52,-1,0.22,269.863121506618,0.55,0.61
785.54,-1,0.21,269.290163711487,0.52,0.6
785.55,-1,0.2,269.290163711487,0.49,0.6
785.57,-1,0.19,269.290163711487,0.48,0.57
785.59,-1,0.18,269.290163711487,0.51,0.55
785.6,-1,0.17,269.290163711487,0.52,0.54
785.62,-1,0.16,269.290163711487,0.54,0.53
785.64,-1,0.15,269.290163711487,0.59,0.53
785.65,-1,0.14,269.290163711487,0.62,0.51
785.67,-1,0.13,269.290163711487,0.64,0.48
785.69,-1,0.13,269.290163711487,0.64,0.47
785.7,-1,0.12,269.290163711487,0.64,0.46
785.72,-1,0.11,269.290163711487,0.61,0.45
785.74,-1,0.1,269.290163711487,0.61,0.45
785.75,-1,0.1,269.290163711487,0.56,0.45
785.77,-1,0.09,269.290163711487,0.52,0.44
785.79,-1,0.09,269.290163711487,0.48,0.44
785.8,-1,0.08,269.290163711487,0.45,0.43
785.82,-1,0.07,269.290163711487,0.43,0.44
785.84,-1,0.07,269.290163711487,0.39,0.41
785.85,-1,0.06,269.863121506618,0.39,0.4
785.87,-1,0.06,269.863121506618,0.36,0.4
785.89,-1,0.05,269.863121506618,0.36,0.4
785.9,-1,0.05,269.863121506618,0.37,0.4
785.92,-1,0.05,269.863121506618,0.34,0.38
785.94,-1,0.04,269.863121506618,0.32,0.34
785.95,-1,0.04,269.863121506618,0.28,0.31
785.97,-1,0.04,269.863121506618,0.26,0.27
785.99,-1,0.04,269.863121506618,0.23,0.23
786,-1,0.04,269.863121506618,0.19,0.19
786.02,-1,0.04,269.863121506618,0.17,0.16
786.04,-1,0.04,269.290163711487,0.15,0.12
786.05,-1,0.04,268.717205916356,0.12,0.09
786.07,-1,0.04,268.717205916356,0.1,0.06
786.09,-1,0.04,268.717205916356,0.09,0.04
786.1,-1,0.04,268.144248121225,0.07,0.03
786.12,-1,0.04,268.144248121225,0.06,0.02
786.14,-1,0.04,268.144248121225,0.05,0.01
786.15,-1,0.04,267.571290326094,0.03,0
786.17,-1,0.04,267.571290326094,0.03,0
786.19,-1,0.04,267.571290326094,0.03,0
786.2,-1,0.04,266.998332530964,0.03,0
786.22,-1,0.03,266.998332530964,0.03,0
786.24,-1,0.03,266.425374735833,0.04,0
786.25,-1,0.03,265.852416940702,0.05,0
786.27,-1,0.03,265.852416940702,0.06,0
786.29,-1,0.03,265.279459145571,0.06,0
786.3,-1,0.03,264.70650135044,0.07,0
786.32,-1,0.03,264.13354355531,0.08,0
786.34,-1,0.03,263.560585760179,0.09,0
786.35,-1,0.03,262.987627965048,0.1,0
786.37,-1,0.03,262.987627965048,0.1,0
786.39,-1,0.03,262.414670169917,0.1,0
786.4,-1,0.03,261.841712374786,0.1,0
786.42,-1,0.02,261.268754579655,0.1,0
786.44,-1,0.02,261.268754579655,0.09,0
786.45,-1,0.02,260.695796784525,0.1,0
786.47,-1,0.02,260.122838989394,0.1,0.01
786.49,-1,0.02,260.122838989394,0.1,0.01
786.5,-1,0.02,259.549881194263,0.09,0.01
786.52,-1,0.02,259.549881194263,0.09,0
786.54,-1,0.02,258.976923399132,0.08,0
786.55,-1,0.02,258.976923399132,0.08,0
786.57,-1,0.02,258.403965604001,0.07,0
786.59,-1,0.02,258.403965604001,0.07,0
786.6,-1,0.02,258.403965604001,0.06,0
786.62,-1,0.02,258.403965604001,0.05,0
786.64,-1,0.02,258.403965604001,0.04,0
786.65,-1,0.02,258.403965604001,0.03,0
786.67,-1,0.02,258.976923399132,0.02,0
786.69,-1,0.02,258.976923399132,0.01,0
786.7,-1,0.02,258.976923399132,0.01,0.01
786.72,-1,0.02,258.976923399132,0.01,0.02
786.74,-1,0.01,258.403965604001,0,0.03
786.75,-1,0.01,258.403965604001,0.02,0.04
786.77,-1,0.01,258.403965604001,0.04,0.06
786.79,-1,0.01,258.403965604001,0.07,0.07
786.8,-1,0.01,258.403965604001,0.08,0.09
786.82,-1,0,258.403965604001,0.09,0.11
786.84,-1.01,0,258.976923399132,0.09,0.13
786.85,-1.01,0,258.976923399132,0.1,0.15
786.87,-1.01,-0.01,258.976923399132,0.11,0.17
786.89,-1.01,-0.01,258.976923399132,0.12,0.18
786.9,-1.01,-0.01,258.976923399132,0.14,0.2
786.92,-1.01,-0.02,258.976923399132,0.15,0.22
786.94,-1.01,-0.02,259.549881194263,0.15,0.23
786.95,-1.01,-0.03,259.549881194263,0.16,0.25
786.97,-1.01,-0.03,259.549881194263,0.17,0.27
786.99,-1.01,-0.04,259.549881194263,0.19,0.28
787,-1.01,-0.04,260.122838989394,0.19,0.3
787.02,-1.01,-0.05,260.122838989394,0.21,0.31
787.04,-1.01,-0.05,260.122838989394,0.23,0.32
787.05,-1.02,-0.06,260.695796784525,0.25,0.33
787.07,-1.02,-0.07,260.695796784525,0.26,0.33
787.09,-1.02,-0.07,260.695796784525,0.29,0.35
787.1,-1.02,-0.08,261.268754579655,0.3,0.34
787.12,-1.02,-0.08,261.841712374786,0.33,0.35
787.14,-1.02,-0.09,261.841712374786,0.37,0.35
787.15,-1.02,-0.1,262.414670169917,0.37,0.36
787.17,-1.02,-0.1,262.987627965048,0.34,0.36
787.19,-1.02,-0.11,263.560585760179,0.36,0.4
787.2,-1.02,-0.11,264.13354355531,0.37,0.39
787.22,-1.02,-0.12,264.70650135044,0.35,0.36
787.24,-1.03,-0.12,265.279459145571,0.33,0.36
787.25,-1.03,-0.13,266.425374735833,0.33,0.36
787.27,-1.03,-0.13,266.998332530964,0.32,0.38
787.29,-1.03,-0.14,268.144248121225,0.31,0.38
787.3,-1.03,-0.15,269.290163711487,0.31,0.38
787.32,-1.03,-0.15,269.863121506618,0.3,0.38
787.34,-1.03,-0.16,271.009037096879,0.28,0.4
787.35,-1.03,-0.16,272.727910482272,0.27,0.42
787.37,-1.03,-0.17,273.300868277403,0.27,0.41
787.39,-1.03,-0.17,274.446783867664,0.25,0.45
787.4,-1.03,-0.18,275.592699457926,0.23,0.45
787.42,-1.03,-0.19,276.165657253057,0.23,0.43
787.44,-1.03,-0.19,277.884530638449,0.22,0.47
787.45,-1.02,-0.2,279.030446228711,0.22,0.49
787.47,-1.02,-0.21,279.603404023842,0.22,0.5
787.49,-1.02,-0.22,281.322277409234,0.22,0.52
787.5,-1.02,-0.22,282.468192999496,0.24,0.54
787.52,-1.02,-0.23,283.041150794627,0.24,0.55
787.54,-1.02,-0.24,284.760024180019,0.26,0.59
787.55,-1.02,-0.25,285.905939770281,0.27,0.62
787.57,-1.01,-0.25,287.051855360542,0.25,0.63
787.59,-1.01,-0.26,288.197770950804,0.26,0.65
787.6,-1.01,-0.27,289.343686541066,0.28,0.63
787.62,-1.01,-0.27,291.062559926458,0.28,0.62
787.64,-1,-0.28,291.635517721589,0.26,0.63
787.65,-1,-0.29,292.781433311851,0.26,0.63
787.67,-1,-0.29,293.354391106981,0.29,0.61
787.69,-1,-0.3,295.073264492374,0.31,0.58
787.7,-0.99,-0.31,296.219180082636,0.31,0.55
787.72,-0.99,-0.31,296.792137877766,0.31,0.55
787.73,-0.99,-0.32,297.938053468028,0.31,0.55
787.75,-0.99,-0.32,299.656926853421,0.32,0.51
787.77,-0.98,-0.33,300.229884648551,0.33,0.49
787.78,-0.98,-0.33,301.375800238813,0.31,0.5
787.8,-0.98,-0.34,303.094673624205,0.31,0.48
787.82,-0.97,-0.35,304.240589214467,0.31,0.51
787.84,-0.97,-0.35,304.813547009598,0.32,0.5
787.85,-0.96,-0.36,305.95946259986,0.31,0.49
787.87,-0.96,-0.36,306.53242039499,0.32,0.53
787.88,-0.96,-0.37,308.251293780383,0.32,0.53
787.9,-0.95,-0.38,309.397209370645,0.32,0.48
787.92,-0.95,-0.38,309.970167165775,0.36,0.51
787.93,-0.94,-0.39,311.116082756037,0.35,0.54
787.95,-0.93,-0.4,312.834956141429,0.36,0.57
787.97,-0.93,-0.41,313.980871731691,0.37,0.59
787.98,-0.92,-0.41,314.553829526822,0.42,0.59
788,-0.91,-0.42,315.699745117084,0.45,0.64
788.02,-0.91,-0.43,316.845660707345,0.45,0.66
788.04,-0.9,-0.43,317.418618502476,0.45,0.69
788.05,-0.9,-0.44,319.137491887869,0.45,0.69
788.07,-0.89,-0.44,320.28340747813,0.44,0.66
788.09,-0.88,-0.45,320.856365273261,0.41,0.68
788.1,-0.88,-0.45,322.002280863523,0.41,0.67
788.12,-0.87,-0.46,323.148196453784,0.39,0.63
788.14,-0.87,-0.46,323.721154248915,0.39,0.6
788.15,-0.86,-0.46,324.867069839177,0.37,0.59
788.17,-0.86,-0.47,325.440027634308,0.36,0.55
788.18,-0.85,-0.47,326.585943224569,0.34,0.54
788.2,-0.85,-0.47,327.731858814831,0.32,0.54
788.22,-0.84,-0.48,328.304816609962,0.31,0.51
788.23,-0.83,-0.48,329.450732200223,0.3,0.52
788.25,-0.83,-0.49,330.596647790485,0.29,0.5
788.27,-0.82,-0.49,330.596647790485,0.3,0.51
788.28,-0.82,-0.49,331.742563380747,0.31,0.51
788.3,-0.81,-0.5,332.888478971008,0.32,0.49
788.32,-0.8,-0.5,333.461436766139,0.34,0.51
788.33,-0.8,-0.5,334.03439456127,0.33,0.52
788.35,-0.79,-0.51,335.180310151532,0.34,0.49
788.37,-0.78,-0.51,336.326225741793,0.34,0.52
788.38,-0.77,-0.51,336.899183536924,0.36,0.56
788.4,-0.77,-0.52,337.472141332055,0.37,0.56
788.42,-0.76,-0.52,338.618056922316,0.39,0.56
788.44,-0.75,-0.52,339.191014717447,0.39,0.59
788.45,-0.74,-0.53,340.336930307709,0.39,0.63
788.47,-0.73,-0.53,341.482845897971,0.4,0.68
788.48,-0.73,-0.53,342.055803693101,0.41,0.66
788.5,-0.72,-0.53,343.201719283363,0.39,0.68
788.52,-0.71,-0.54,343.774677078494,0.38,0.68
788.53,-0.7,-0.54,344.920592668756,0.37,0.67
788.55,-0.69,-0.54,345.493550463886,0.37,0.67
788.57,-0.69,-0.54,346.066508259017,0.37,0.65
788.58,-0.68,-0.55,347.212423849279,0.38,0.63
788.6,-0.67,-0.55,348.358339439541,0.39,0.6
788.62,-0.66,-0.55,348.358339439541,0.4,0.57
788.63,-0.65,-0.55,349.504255029802,0.4,0.55
788.65,-0.65,-0.55,350.650170620064,0.43,0.54
788.67,-0.64,-0.55,350.650170620064,0.46,0.5
788.68,-0.63,-0.55,351.796086210325,0.49,0.5
788.7,-0.62,-0.56,352.942001800587,0.5,0.49
788.72,-0.61,-0.56,353.514959595718,0.5,0.5
788.73,-0.61,-0.56,354.087917390849,0.5,0.5
788.75,-0.6,-0.56,355.23383298111,0.49,0.49
788.77,-0.59,-0.56,355.806790776241,0.47,0.53
788.78,-0.58,-0.56,356.952706366503,0.46,0.53
788.8,-0.58,-0.56,358.098621956765,0.44,0.5
788.82,-0.57,-0.56,358.671579751895,0.41,0.51
788.83,-0.56,-0.56,359.817495342157,0.4,0.52
788.85,-0.56,-0.56,0.572957795130823,0.37,0.55
788.87,-0.55,-0.56,1.14591559026165,0.35,0.58
788.88,-0.54,-0.56,2.29183118052329,0.33,0.58
788.9,-0.53,-0.56,3.43774677078494,0.31,0.59
788.92,-0.52,-0.56,4.01070456591576,0.3,0.63
788.93,-0.51,-0.56,4.58366236104659,0.3,0.64
788.95,-0.51,-0.56,5.72957795130823,0.32,0.66
788.97,-0.5,-0.56,6.30253574643906,0.33,0.65
788.98,-0.49,-0.56,6.87549354156988,0.37,0.64
789,-0.48,-0.56,8.02140913183153,0.36,0.65
789.02,-0.47,-0.55,8.02140913183153,0.34,0.64
789.03,-0.47,-0.55,9.16732472209317,0.36,0.61
789.05,-0.46,-0.55,9.740282517224,0.37,0.58
789.07,-0.45,-0.55,10.3132403123548,0.39,0.55
789.08,-0.44,-0.55,11.4591559026165,0.4,0.55
789.1,-0.44,-0.55,12.0321136977473,0.39,0.55
789.12,-0.43,-0.55,12.6050714928781,0.41,0.54
789.13,-0.42,-0.55,13.7509870831398,0.4,0.52
789.15,-0.42,-0.54,14.3239448782706,0.4,0.49
789.17,-0.41,-0.54,14.8969026734014,0.4,0.48
789.18,-0.4,-0.54,16.0428182636631,0.39,0.49
789.2,-0.39,-0.54,17.1887338539247,0.39,0.51
789.22,-0.39,-0.54,17.7616916490555,0.4,0.5
789.23,-0.38,-0.53,18.3346494441863,0.38,0.5
789.25,-0.37,-0.53,19.480565034448,0.39,0.5
789.27,-0.36,-0.53,20.6264806247096,0.4,0.52
789.28,-0.35,-0.52,21.1994384198405,0.41,0.53
789.3,-0.34,-0.52,21.7723962149713,0.43,0.55
789.32,-0.34,-0.52,22.3453540101021,0.46,0.58
789.33,-0.33,-0.51,23.4912696003637,0.51,0.58
789.35,-0.32,-0.51,24.6371851906254,0.52,0.58
789.37,-0.31,-0.51,24.6371851906254,0.49,0.64
789.38,-0.3,-0.5,25.783100780887,0.51,0.67
789.4,-0.29,-0.5,26.9290163711487,0.5,0.66
789.42,-0.28,-0.49,27.5019741662795,0.46,0.68
789.43,-0.28,-0.49,28.6478897565412,0.46,0.68
789.45,-0.27,-0.49,29.220847551672,0.44,0.65
789.47,-0.26,-0.48,29.7938053468028,0.43,0.64
789.48,-0.26,-0.48,30.9397209370645,0.4,0.63
789.5,-0.25,-0.48,32.0856365273261,0.38,0.61
789.52,-0.25,-0.47,32.6585943224569,0.36,0.59
789.53,-0.24,-0.47,33.2315521175877,0.34,0.57
789.55,-0.24,-0.47,34.3774677078494,0.33,0.56
789.57,-0.23,-0.46,34.9504255029802,0.31,0.54
789.58,-0.22,-0.46,36.0963410932419,0.31,0.52
789.6,-0.22,-0.45,37.2422566835035,0.31,0.49
789.62,-0.21,-0.45,37.8152144786343,0.31,0.49
789.63,-0.21,-0.45,38.3881722737652,0.34,0.49
789.65,-0.2,-0.44,39.5340878640268,0.35,0.49
789.67,-0.2,-0.44,40.6800034542884,0.34,0.5
789.68,-0.19,-0.43,41.2529612494193,0.33,0.49
789.7,-0.18,-0.43,41.8259190445501,0.34,0.49
789.72,-0.18,-0.42,42.3988768396809,0.35,0.49
789.73,-0.17,-0.42,43.5447924299426,0.38,0.5
789.75,-0.17,-0.41,44.6907080202042,0.39,0.53
789.77,-0.16,-0.4,44.6907080202042,0.4,0.56
789.78,-0.15,-0.4,45.8366236104659,0.4,0.55
789.8,-0.15,-0.39,46.9825392007275,0.41,0.58
789.82,-0.14,-0.39,48.1284547909891,0.41,0.59
789.83,-0.14,-0.38,48.1284547909891,0.4,0.62
789.85,-0.13,-0.37,49.2743703812508,0.37,0.62
789.87,-0.13,-0.37,50.4202859715125,0.37,0.66
789.88,-0.12,-0.36,50.9932437666433,0.37,0.65
789.9,-0.11,-0.35,52.1391593569049,0.37,0.63
789.92,-0.11,-0.35,52.7121171520357,0.36,0.65
789.93,-0.1,-0.34,53.2850749471666,0.39,0.64
789.95,-0.1,-0.33,54.4309905374282,0.4,0.62
789.96,-0.09,-0.33,55.003948332559,0.41,0.6
789.98,-0.09,-0.32,56.1498639228207,0.43,0.58
790,-0.08,-0.31,56.7228217179515,0.47,0.56
790.01,-0.08,-0.31,57.2957795130823,0.49,0.54
790.03,-0.08,-0.3,58.441695103344,0.48,0.52
790.05,-0.07,-0.29,59.5876106936056,0.48,0.5
790.06,-0.07,-0.29,60.1605684887364,0.48,0.5
790.08,-0.06,-0.28,60.7335262838673,0.48,0.49
790.1,-0.06,-0.28,61.8794418741289,0.45,0.49
790.11,-0.06,-0.27,62.4523996692597,0.41,0.49
790.13,-0.05,-0.26,63.5983152595214,0.42,0.48
790.15,-0.05,-0.26,64.744230849783,0.4,0.48
790.16,-0.05,-0.25,65.3171886449138,0.39,0.51
790.18,-0.05,-0.25,66.4631042351755,0.37,0.51
790.2,-0.04,-0.24,67.0360620303063,0.34,0.49
790.21,-0.04,-0.23,67.6090198254371,0.32,0.49
790.23,-0.04,-0.23,68.7549354156988,0.3,0.51
790.25,-0.03,-0.22,69.9008510059604,0.29,0.54
790.27,-0.03,-0.21,70.4738088010913,0.29,0.55
790.28,-0.03,-0.2,71.0467665962221,0.3,0.56
790.3,-0.02,-0.19,72.1926821864837,0.31,0.59
790.32,-0.02,-0.19,72.7656399816146,0.33,0.62
790.33,-0.02,-0.18,73.3385977767454,0.33,0.65
790.35,-0.02,-0.17,74.484513367007,0.33,0.65
790.36,-0.01,-0.16,74.484513367007,0.34,0.64
790.38,-0.01,-0.16,75.6304289572687,0.34,0.64
790.4,-0.01,-0.15,76.2033867523995,0.34,0.64
790.41,-0.01,-0.14,77.3493023426611,0.36,0.62
790.43,-0.01,-0.13,77.3493023426611,0.38,0.59
790.45,-0.01,-0.13,78.4952179329228,0.38,0.58
790.47,0,-0.12,79.0681757280536,0.39,0.57
790.48,0,-0.11,79.6411335231844,0.39,0.52
790.5,0,-0.11,80.7870491134461,0.39,0.51
790.52,0,-0.1,81.3600069085769,0.36,0.49
790.53,0,-0.09,81.9329647037077,0.36,0.48
790.55,0,-0.09,83.0788802939694,0.37,0.48
790.56,0,-0.08,83.6518380891002,0.36,0.46
790.58,0,-0.07,84.224795884231,0.34,0.47
790.6,0,-0.07,85.3707114744926,0.34,0.46
790.61,0.01,-0.06,85.9436692696235,0.35,0.44
790.63,0.01,-0.05,86.5166270647543,0.35,0.45
790.65,0.01,-0.05,87.0895848598851,0.36,0.45
790.66,0.01,-0.04,87.6625426550159,0.37,0.42
790.68,0.01,-0.03,88.2355004501468,0.38,0.43
790.7,0.01,-0.03,88.8084582452776,0.41,0.43
790.71,0.01,-0.02,89.3814160404084,0.43,0.43
790.73,0.01,-0.01,89.9543738355393,0.42,0.44
790.75,0.01,-0.01,90.5273316306701,0.42,0.44
790.76,0.01,0,90.5273316306701,0.42,0.44
790.78,0.01,0,91.6732472209317,0.4,0.45
790.8,0.01,0.01,91.6732472209317,0.38,0.44
790.81,0.01,0.01,92.2462050160626,0.35,0.42
790.83,0.01,0.01,92.8191628111934,0.31,0.41
790.84,0.01,0.01,93.3921206063242,0.26,0.37
790.86,0.01,0.01,93.965078401455,0.23,0.33
790.88,0.01,0.01,94.5380361965858,0.19,0.29
790.89,0.01,0.01,94.5380361965858,0.15,0.24
790.91,0.01,0.01,95.1109939917167,0.11,0.19
790.92,0.01,0.01,95.1109939917167,0.08,0.15
790.94,0.01,0.01,95.1109939917167,0.05,0.1
790.96,0.01,0.01,95.1109939917167,0.03,0.07
790.97,0.01,0.01,95.1109939917167,0.02,0.05
790.99,0.01,0.01,95.1109939917167,0,0.02
791,0.01,0.01,95.1109939917167,0,0.01
791.02,0.01,0.01,95.1109939917167,-0.01,0
791.04,0.01,0.01,95.1109939917167,0,0
791.05,0.01,0.01,95.1109939917167,0,0
791.07,0.01,0.01,95.1109939917167,0,0
791.09,0.01,0.01,95.1109939917167,0,0
791.1,0.01,0.01,95.1109939917167,0,0
791.12,0.01,0.01,95.1109939917167,0,0
791.14,0.01,0.01,95.1109939917167,0,0
791.15,0.01,0.01,95.1109939917167,0,0
791.17,0.01,0.01,95.1109939917167,0,0
791.18,0.01,0.01,95.1109939917167,0,0
791.2,0.01,0.01,95.1109939917167,0,0
791.22,0.01,0.01,95.1109939917167,0,0
791.23,0.01,0.01,95.1109939917167,0,0
791.25,0.01,0.01,95.1109939917167,0,0
791.27,0.01,0.01,95.1109939917167,0,0
791.28,0.01,0.01,95.1109939917167,0,0
791.3,0.01,0.01,95.1109939917167,0,0
791.32,0.01,0.01,95.1109939917167,0,0
791.33,0.01,0.01,95.1109939917167,0,0
791.35,0.01,0.01,95.1109939917167,0,0
791.36,0.01,0.01,95.1109939917167,0,0
791.38,0.01,0.01,95.1109939917167,0,0
791.4,0.01,0.01,95.1109939917167,0,0
791.41,0.01,0.01,95.1109939917167,0,0
791.43,0.01,0.01,95.1109939917167,0,0
791.45,0.01,0.01,95.1109939917167,0,0
791.46,0.01,0.01,95.1109939917167,0,0
791.48,0.01,0.01,95.1109939917167,0,0
791.49,0.01,0.01,95.1109939917167,0,0
791.51,0.01,0.01,95.1109939917167,0,0
791.53,0.01,0.01,95.1109939917167,0,0
791.54,0.01,0.01,95.1109939917167,0,0
791.56,0.01,0.01,95.1109939917167,0,0
791.58,0.01,0.01,95.1109939917167,0,0
791.59,0.01,0.01,95.1109939917167,0,0
791.61,0.01,0.01,95.1109939917167,0,0
791.63,0.01,0.01,95.1109939917167,0,0
791.64,0.01,0.01,95.1109939917167,0,0
791.66,0.01,0.01,95.1109939917167,0,0
791.67,0.01,0.01,95.1109939917167,0,0
791.69,0.01,0.01,95.1109939917167,0,0
791.71,0.01,0.01,95.1109939917167,0,0
791.72,0.01,0.01,95.1109939917167,0,0
791.74,0.01,0.01,95.1109939917167,0,0
791.75,0.01,0.01,95.1109939917167,0,0
791.77,0.01,0.01,95.1109939917167,0,0
791.78,0.01,0.01,95.1109939917167,0,0
791.8,0.01,0.01,95.1109939917167,0,0
791.82,0.01,0.01,95.1109939917167,0,0
791.83,0.01,0.01,95.1109939917167,0,0
791.85,0.01,0.01,95.1109939917167,0,0
791.87,0.01,0.01,95.1109939917167,0,0
791.88,0.01,0.01,95.1109939917167,0,0
791.9,0.01,0.01,95.1109939917167,0,0
791.92,0.01,0.01,95.1109939917167,0,0
791.93,0.01,0.01,95.1109939917167,0,0
791.95,0.01,0.01,95.1109939917167,0,0
791.96,0.01,0.01,95.1109939917167,0,0
791.98,0.01,0.01,95.1109939917167,0,0
792,0.01,0.01,95.1109939917167,0,0
792.01,0.01,0.01,95.1109939917167,0,0
792.03,0.01,0.01,95.1109939917167,0,0
792.05,0.01,0.01,95.1109939917167,0,0
792.06,0.01,0.01,95.1109939917167,0,0
792.08,0.01,0.01,95.1109939917167,0,0
792.1,0.01,0.01,95.1109939917167,0,0
792.11,0.01,0.01,95.1109939917167,0,0
792.13,0.01,0.01,95.1109939917167,0,0
792.14,0.01,0.01,95.1109939917167,0,0
792.16,0.01,0.01,95.1109939917167,0,0
792.18,0.01,0.01,95.1109939917167,0,0
792.19,0.01,0.01,95.1109939917167,0,0
792.21,0.01,0.01,95.1109939917167,0,0
792.23,0.01,0.01,95.1109939917167,0,0
792.24,0.01,0.01,95.1109939917167,0,0
792.26,0.01,0.01,95.1109939917167,0,0
792.28,0.01,0.01,95.1109939917167,0,0
792.29,0.01,0.01,95.1109939917167,0,0
792.31,0.01,0.01,95.1109939917167,0,0
792.32,0.01,0.01,95.1109939917167,0,0
792.34,0.01,0.01,95.1109939917167,0,0
792.36,0.01,0.01,95.1109939917167,0,0
792.37,0.01,0.01,95.1109939917167,0,0
792.39,0.01,0.01,95.1109939917167,0,0
792.41,0.01,0.01,95.1109939917167,0,0
792.42,0.01,0.01,95.1109939917167,0,0
792.44,0.01,0.01,95.1109939917167,0,0
792.46,0.01,0.01,95.1109939917167,0,0
792.47,0.01,0.01,95.1109939917167,0,0
792.49,0.01,0.01,95.1109939917167,0,0
792.5,0.01,0.01,95.1109939917167,0,0
792.52,0.01,0.01,95.1109939917167,0,0
792.54,0.01,0.01,95.1109939917167,0,0
792.55,0.01,0.01,95.1109939917167,0,0
792.57,0.01,0.01,95.1109939917167,0,0
792.58,0.01,0.01,95.1109939917167,0,0
792.6,0.01,0.01,95.1109939917167,0,0
792.62,0.01,0.01,95.1109939917167,0,0
792.63,0.01,0.01,95.1109939917167,0,0
792.65,0.01,0.01,95.1109939917167,0,0
792.67,0.01,0.01,95.1109939917167,0,0
792.68,0.01,0.01,95.1109939917167,0,0
